timestamp,target_time,hit_time,delta,rating,type
2026-03-09 19:04:01,1970.0,-1,-1,MISS,Gas
2026-03-09 19:04:08,8910.0,8960,50.0,PERFECT!,Brake
2026-03-09 19:04:12,12790.0,12751,-39.0,PERFECT!,Gas
2026-03-09 19:04:14,14760.0,14814,54.0,GOOD,Brake
2026-03-09 19:04:16,17180.0,17266,86.0,GOOD,Gas
2026-03-09 19:04:18,19140.0,19143,3.0,PERFECT!,Brake
2026-03-09 19:04:20,21070.0,-1,-1,TOO EARLY,Gas
2026-03-09 19:04:22,22970.0,22932,-38.0,PERFECT!,Brake
2026-03-09 19:04:24,24440.0,24438,-2.0,PERFECT!,Gas
2026-03-09 19:04:24,24930.0,24885,-45.0,PERFECT!,Brake
2026-03-09 19:04:24,25410.0,-1,-1,TOO EARLY,Gas
2026-03-09 19:04:26,27340.0,27367,27.0,PERFECT!,Brake
2026-03-09 19:04:28,29250.0,29240,-10.0,PERFECT!,Gas
2026-03-09 19:04:31,31710.0,31680,-30.0,PERFECT!,Brake
2026-03-09 19:04:33,34100.0,-1,-1,MISS,Gas
2026-03-09 19:04:35,36030.0,36027,-3.0,PERFECT!,Brake
2026-03-09 19:04:36,36560.0,36546,-14.0,PERFECT!,Gas
2026-03-09 19:04:37,37940.0,37944,4.0,PERFECT!,Brake
2026-03-09 19:04:38,38470.0,38511,41.0,PERFECT!,Gas
2026-03-09 19:04:38,38970.0,38948,-22.0,PERFECT!,Brake
2026-03-09 19:04:38,39470.0,39379,-91.0,GOOD,Gas
2026-03-09 19:04:40,41400.0,41305,-95.0,GOOD,Brake
2026-03-09 19:04:43,43320.0,-1,-1,MISS,Gas
2026-03-09 19:04:44,45230.0,45244,14.0,PERFECT!,Brake
2026-03-09 19:04:46,46710.0,46760,50.0,PERFECT!,Gas
2026-03-09 19:04:48,48600.0,48585,-15.0,PERFECT!,Brake
2026-03-09 19:04:50,50590.0,50594,4.0,PERFECT!,Gas
2026-03-09 19:04:51,52030.0,51942,-88.0,GOOD,Brake
2026-03-09 19:04:52,52990.0,52927,-63.0,GOOD,Brake
2026-03-09 19:04:53,53980.0,53941,-39.0,PERFECT!,Brake
2026-03-09 19:04:54,54940.0,54929,-11.0,PERFECT!,Gas
2026-03-09 19:04:57,57830.0,57824,-6.0,PERFECT!,Brake
2026-03-09 19:05:00,60750.0,60691,-59.0,GOOD,Gas
2026-03-09 19:05:02,62660.0,62643,-17.0,PERFECT!,Brake
2026-03-09 19:05:02,63420.0,63394,-26.0,PERFECT!,Gas
2026-03-09 19:05:03,64250.0,64184,-66.0,GOOD,Brake
2026-03-09 19:05:06,66520.0,66520,0.0,PERFECT!,Gas
2026-03-09 19:05:09,70410.0,70334,-76.0,GOOD,Brake
2026-03-09 19:05:12,73290.0,73296,6.0,PERFECT!,Gas
2026-03-09 19:05:17,78180.0,-1,-1,MISS,Brake
2026-03-09 19:05:21,81960.0,81983,23.0,PERFECT!,Gas
2026-03-09 19:05:22,82800.0,82797,-3.0,PERFECT!,Brake
2026-03-09 19:05:23,83550.0,83514,-36.0,PERFECT!,Gas
2026-03-09 19:05:25,85900.0,85823,-77.0,GOOD,Gas
2026-03-09 19:05:29,89670.0,89737,67.0,GOOD,Gas
2026-03-09 19:05:32,92600.0,92612,12.0,PERFECT!,Brake
2026-03-09 19:05:34,94580.0,94598,18.0,PERFECT!,Gas
2026-03-09 19:05:37,98190.0,-1,-1,MISS,Gas
2026-03-09 19:05:40,100880.0,100866,-14.0,PERFECT!,Brake
2026-03-09 19:05:43,103800.0,103811,11.0,PERFECT!,Gas
2026-03-09 19:05:45,105740.0,105721,-19.0,PERFECT!,Brake
2026-03-09 19:05:46,106720.0,-1,-1,MISS,Gas
2026-03-09 19:05:47,107620.0,-1,-1,MISS,Brake
2026-03-09 19:05:48,108630.0,-1,-1,MISS,Gas
2026-03-09 19:05:51,111540.0,111569,29.0,PERFECT!,Brake
2026-03-09 19:05:52,113440.0,113390,-50.0,PERFECT!,Gas
2026-03-09 19:05:54,114440.0,114433,-7.0,PERFECT!,Gas
2026-03-09 19:05:54,115390.0,115404,14.0,PERFECT!,Gas
2026-03-09 19:05:56,116940.0,116954,14.0,PERFECT!,Brake
2026-03-09 19:05:58,118800.0,118822,22.0,PERFECT!,Brake
2026-03-09 19:06:00,120800.0,120792,-8.0,PERFECT!,Brake
2026-03-09 19:06:02,122620.0,122543,-77.0,GOOD,Brake
2026-03-09 19:06:04,124640.0,124613,-27.0,PERFECT!,Gas
2026-03-09 19:06:06,126510.0,126517,7.0,PERFECT!,Brake
2026-03-09 19:06:08,128500.0,128468,-32.0,PERFECT!,Gas
2026-03-09 19:06:09,130460.00000000001,130420,-40.00000000001455,PERFECT!,Brake
2026-03-09 19:06:10,130940.0,130969,29.0,PERFECT!,Gas
2026-03-09 19:06:10,131390.0,131380,-10.0,PERFECT!,Brake
2026-03-09 19:06:11,131910.0,131783,-127.0,GOOD,Gas
2026-03-09 19:06:13,134310.0,134283,-27.0,PERFECT!,Brake
2026-03-09 19:06:15,136220.0,136225,5.0,PERFECT!,Gas
2026-03-09 19:06:17,138160.0,138155,-5.0,PERFECT!,Brake
2026-03-09 19:06:19,140100.0,140108,8.0,PERFECT!,Gas
2026-03-09 19:06:20,140840.0,140789,-51.0,GOOD,Gas
2026-03-09 19:06:21,141600.0,141535,-65.0,GOOD,Gas
2026-03-09 19:06:23,143950.0,143943,-7.0,PERFECT!,Brake
2026-03-09 19:06:24,144780.0,144739,-41.0,PERFECT!,Brake
2026-03-09 19:06:24,145420.0,145403,-17.0,PERFECT!,Brake
2026-03-09 19:06:26,146810.0,146805,-5.0,PERFECT!,Gas
2026-03-09 19:06:31,151700.0,151696,-4.0,PERFECT!,Brake
2026-03-09 19:06:35,155530.0,155566,36.0,PERFECT!,Gas
2026-03-09 19:06:35,156250.0,156246,-4.0,PERFECT!,Gas
2026-03-09 19:06:36,157040.0,157030,-10.0,PERFECT!,Gas
2026-03-09 19:06:38,159370.0,159415,45.0,PERFECT!,Gas
2026-03-09 19:06:39,160200.0,160180,-20.0,PERFECT!,Gas
2026-03-09 19:06:40,160850.0,160850,0.0,PERFECT!,Gas
2026-03-09 19:06:42,163260.0,163311,51.0,GOOD,Brake
2026-03-09 19:06:43,164040.0,164035,-5.0,PERFECT!,Gas
2026-03-09 19:06:45,165690.0,165694,4.0,PERFECT!,Brake
2026-03-09 19:06:46,167120.0,167095,-25.0,PERFECT!,Gas
2026-03-09 19:06:47,167920.0,167912,-8.0,PERFECT!,Brake
2026-03-09 19:06:48,168450.0,168508,58.0,GOOD,Gas
2026-03-09 19:06:50,171070.0,171072,2.0,PERFECT!,Brake
2026-03-09 19:06:51,171900.0,171927,27.0,PERFECT!,Gas
2026-03-09 19:06:52,172500.0,172520,20.0,PERFECT!,Brake
2026-03-09 19:06:54,174890.0,174847,-43.0,PERFECT!,Gas
2026-03-09 19:06:55,175780.0,175776,-4.0,PERFECT!,Brake
2026-03-09 19:06:55,176400.0,176398,-2.0,PERFECT!,Gas
2026-03-09 19:06:57,177810.0,-1,-1,TOO EARLY,Gas
2026-03-09 19:06:58,178730.0,178744,14.0,PERFECT!,Brake
2026-03-09 19:07:02,182870.0,182874,4.0,PERFECT!,Gas
2026-03-09 19:07:06,186550.0,186627,77.0,GOOD,Brake
2026-03-09 19:07:06,187200.0,187242,42.0,PERFECT!,Gas
2026-03-09 19:07:07,187960.0,188057,97.0,GOOD,Brake
2026-03-09 19:07:09,190430.0,190411,-19.0,PERFECT!,Gas
2026-03-09 19:07:10,191240.0,191272,32.0,PERFECT!,Gas
2026-03-09 19:07:11,191830.0,191861,31.0,PERFECT!,Brake
2026-03-09 19:07:13,194290.0,194279,-11.0,PERFECT!,Gas
2026-03-09 19:07:14,195240.0,195209,-31.0,PERFECT!,Gas
2026-03-09 19:07:15,196190.0,196194,4.0,PERFECT!,Gas
2026-03-09 19:07:16,197220.0,197224,4.0,PERFECT!,Gas
2026-03-09 19:07:17,198100.0,198137,37.0,PERFECT!,Brake
2026-03-09 19:07:18,199050.0,198978,-72.0,GOOD,Gas
2026-03-09 19:07:19,200070.0,200073,3.0,PERFECT!,Brake
2026-03-09 19:07:20,201020.0,200946,-74.0,GOOD,Gas
2026-03-09 19:07:21,202040.0,201928,-112.0,GOOD,Gas
2026-03-09 19:07:22,202950.0,202924,-26.0,PERFECT!,Gas
2026-03-09 19:07:25,205910.0,205846,-64.0,GOOD,Brake
2026-03-09 19:07:26,207360.0,207357,-3.0,PERFECT!,Gas
2026-03-09 19:07:29,209730.0,209682,-48.0,PERFECT!,Gas
2026-03-09 19:07:30,210750.0,210723,-27.0,PERFECT!,Gas
2026-03-09 19:07:31,211720.0,211694,-26.0,PERFECT!,Gas
2026-03-09 19:07:33,213630.0,213564,-66.0,GOOD,Gas
2026-03-09 19:07:33,214330.0,214358,28.0,PERFECT!,Brake
2026-03-09 19:07:34,215390.0,215323,-67.0,GOOD,Gas
2026-03-09 19:07:37,217480.0,217475,-5.0,PERFECT!,Brake
2026-03-09 19:07:38,218940.0,218950,10.0,PERFECT!,Gas
2026-03-09 19:07:40,220870.0,220822,-48.0,PERFECT!,Brake
2026-03-09 19:07:41,221910.0,221908,-2.0,PERFECT!,Gas
2026-03-09 19:07:42,222830.0,222788,-42.0,PERFECT!,Brake
2026-03-09 19:07:44,224880.0,224771,-109.0,GOOD,Gas
